{
    "total_shots": 1000000,
    "bias": 0.503552,
    "autocorrelation_lags_1_to_10": [
        0.001079001079001079,
        -0.000696001392002784,
        0.0017350052050156151,
        0.000836003344013376,
        0.0010790053950269752,
        0.0006500039000234001,
        -0.0016310114170799196,
        -0.0006040048320386563,
        -0.0009410084690762217,
        -0.0010660106601066012
    ],
    "fourier_max_power_ratio": 14.35570009545714,
    "block_entropy_8bit": 7.9981364682885046,
    "ideal_entropy_8bit": 8.0,
    "lz_compression_ratio": 1.000368
}